<?xml version="1.0"?>
<DbPopConfig>
	<exec threadCount="5"/>
	<userGroups domain="" webserver="" organization="" discoveryserver="">
		<userGroup name="" startidx="" count="" password=""/>
	</userGroups>
	<globalTags>
    	  <tag name="allaccountids">
      	    <query>
              <column name="accountid"/>
              <entity name="account"/>
      	    </query>
    	  </tag>
    	  <tag name="allproductids">
      	    <query>
              <column name="productid"/>
              <column name="defaultuomid"/>
              <entity name="product"/>
      	    </query>
    	  </tag>
    	  <tag name="allpricelevelids">
      	   <query>
             <column name="pricelevelid"/>
             <entity name="pricelevel"/>
      	   </query>
    	  </tag>
    	  <tag name="allsubjectids">
      	    <query>
              <column name="subjectid"/>
              <entity name="subject"/>
      	    </query>
    	  </tag>
	</globalTags>
	<objectDist>
    	  <salesliterature count="10" subjectid.Id="getdyntag(allsubjectids,getrandom,subjectid)" save_1="settag(salesliteratureid,salesliterature,all)"/>
    	  <list count="50" save_1="settag(listid,list,all)">
      	    <listmember count="5" listid.Id="getdyntag(listid,getlast,listid)" entityid.Id="gettag(allaccountids,getrandom,accountid)" entitytype="1">
      	    </listmember>
    	  </list>
    	  <campaign count="1" save_1="settag(campaignid,campaign,entityid)" save_2="settype(campaignidtype)">
      	    <campaignitem count="10" campaignid.Id="getdyntag(campaignid)" entityid="gettag(allproductids,getrandom,productid)" entityname="product">
      	    </campaignitem>
      	    <campaignitem count="10" campaignid.Id="getdyntag(campaignid)" entityid="getdyntag(listid,getlast,listid)" entityname="list">
      	    </campaignitem>
      	    <campaignitem count="10" campaignid.Id="getdyntag(campaignid)" entityid="getdyntag(salesliteratureid,getrandom,salesliteratureid)" entityname="salesliterature">
      	    </campaignitem>
      	    <campaignactivity count="20" regardingobjectid.Id="getdyntag(campaignid)" regardingobjectid.LogicalName="getdyntag(campaignidtype)" save_1="settag(campaignactivityid,campaignactivity,entityid)">
              <campaignactivityitem count="2" campaignactivityid.Id="getdyntag(campaignactivityid)" itemid="getdyntag(listid,getlast,listid)" entityname="list">
              </campaignactivityitem>
      	    </campaignactivity>
      	    <campaignresponse count="20" regardingobjectid.Id="getdyntag(campaignid)" regardingobjectid.LogicalName="getdyntag(campaignidtype)">
      	    </campaignresponse>
      	    <opportunity count="5" customerid.Id="gettag(allaccountids,getrandom,accountid)" customerid.LogicalName="account" pricelevelid.Id="gettag(allpricelevelids,getrandom,pricelevelid)" campaignid.Id="getdyntag(campaignid)" save_1="settag(opportunityid1,opportunity,entityid)" save_2="settype(opportunityid1type)">
              <opportunityproduct count="1" opportunityid.Id="getdyntag(opportunityid1)" productid.Id="gettag(allproductids,getrandom,productid)" uomid.Id="gettag(allproductids,getfiltered,defaultuomid.Id,productid.Id)"></opportunityproduct>
      	    </opportunity>
    	  </campaign>
    	</objectDist>
</DbPopConfig>
