<?xml version="1.0"?>
<DbPopConfig>
	<exec threadCount="10"/>
	<userGroups authentication="ActiveDirectory" ssl="false" domain="" webserver="" organization="" discoveryserver="">
		<userGroup name="{0}\crmusr{1}" startIndex="48" count="30" password="T!T@n1130"/>
	</userGroups>
	<globalTags>
		<tag name="allsystemuserids">
			<query>
				<column name="systemuserid"/>
				<entity name="systemuser"/>
			</query>
		</tag>
		<tag name="allproductids">
			<query>
				<column name="productid"/>
				<column name="defaultuomid"/>
				<entity name="product"/>
			</query>
		</tag>
		<tag name="allpricelevelids">
			<query>
				<column name="pricelevelid"/>
				<entity name="pricelevel"/>
			</query>
		</tag>
		<tag name="allconnectionrole">
			<query>
				<column name="connectionroleid"/>
				<entity name="connectionrole"/>
				<filter>
					<conditionexpression attributename="name" operator="equal" value="globalconnectionrole"/>
				</filter>
			</query>
		</tag>
    	  	<tag name="allaccountids">
      	    		<query>
              			<column name="accountid"/>
              			<entity name="account"/>
      	    		</query>
    	  	</tag>
    	  	<tag name="allsubjectids">
      	    		<query>
              			<column name="subjectid"/>
              			<entity name="subject"/>
      	    		</query>
    	  	</tag>
	</globalTags>
	<objectDist>
    		<recurringappointmentmaster count="1" requiredattendees="gettag(allsystemuserids,getrandom,systemuserid)" optionalattendees="gettag(allsystemuserids,getrandom,systemuserid)" recurrencepatterntype="0" patternendtype="1"/>
    		<recurringappointmentmaster count="1" requiredattendees="gettag(allsystemuserids,getrandom,systemuserid)" optionalattendees="gettag(allsystemuserids,getrandom,systemuserid)" recurrencepatterntype="1" daysofweekmask="replace(randomdaysofweekmask)" patternendtype="1"/>
    		<recurringappointmentmaster count="1" requiredattendees="gettag(allsystemuserids,getrandom,systemuserid)" optionalattendees="gettag(allsystemuserids,getrandom,systemuserid)" recurrencepatterntype="2" dayofmonth="replace(randomnumber,1,29)" patternendtype="1"/>
    		<recurringappointmentmaster count="1" requiredattendees="gettag(allsystemuserids,getrandom,systemuserid)" optionalattendees="gettag(allsystemuserids,getrandom,systemuserid)" recurrencepatterntype="3" monthofyear="replace(randomnumber,1,13)" dayofmonth="replace(randomnumber,1,29)" occurrences="replace(randomnumber,2,10)" patternendtype="2"/>
    		<recurringappointmentmaster count="3" subject="replace(randomsubject) + updatable object" requiredattendees="gettag(allsystemuserids,getrandom,systemuserid)" optionalattendees="gettag(allsystemuserids,getrandom,systemuserid)" recurrencepatterntype="1" daysofweekmask="3" patternendtype="1"/>
    		<recurringappointmentmaster count="3" subject="replace(randomsubject) + deletable object" requiredattendees="gettag(allsystemuserids,getrandom,systemuserid)" optionalattendees="gettag(allsystemuserids,getrandom,systemuserid)" recurrencepatterntype="1" daysofweekmask="3" patternendtype="1"/>
		<account count="296" name="replace(randomstring,10,15) + connection object" new_attribute1="replace(randomstring,10,20)" new_attribute2="replace(randomnumber,100000001,100000005)" new_attribute3="true" new_attribute4="replace(randomnumber)" new_attribute5="replace(randomnumber)" new_attribute6="replace(randomnumber)" new_attribute7="replace(randomnumber)" new_attribute8="replace(randomstring,100,400)" new_attribute9="replace(randomstarttime)" new_attribute10="replace(randomdate)" save_1="settag(connectionaccountid,account,entityid)" save_2="settype(accountidtype)">
    		</account>
    		<contact count="234" lastname="replace(randomstring,5,10) + connection object" parentcustomerid.Id="getdyntag(connectionaccountid,getrandom,entityid)" parentcustomerid.LogicalName="getdyntag(accountidtype)" new_attribute1="replace(randomstring,10,20)" new_attribute2="replace(randomnumber,100000001,100000005)" new_attribute3="true" new_attribute4="replace(randomnumber)" new_attribute5="replace(randomnumber)" new_attribute6="replace(randomnumber)" new_attribute7="replace(randomnumber)" new_attribute8="replace(randomstring,100,400)" new_attribute9="replace(randomstarttime)" new_attribute10="replace(randomdate)" save_1="settag(connectioncontactid,contact,entityid)" save_2="settype(contactidtype)">
    		</contact>
    		<opportunity count="1" name="replace(randomstring,10,15) + connection object" customerid.Id="getdyntag(connectionaccountid,getrandom,entityid)" customerid.LogicalName="getdyntag(accountidtype)" pricelevelid.Id="gettag(allpricelevelids,getrandom,pricelevelid)" save_1="settag(connectionopportunityid,opportunity,entityid)" save_2="settype(opportunityidtype)" actualvalue_base="replace(randomnumber,10,300)" estimatedvalue_base="replace(randomnumber,10,300)" isrevenuesystemcalculated="0">
    		</opportunity>
    		<lead count="1400" save_1="settag(leadid,lead,entityid)" save_2="settype(leadidtype)"/>
		<lead count="22" save_1="settag(leadid,lead,entityid)" save_2="settype(leadidtype)">
			<phonecall count="5" regardingobjectid.Id="getdyntag(leadid)" regardingobjectid.LogicalName="getdyntag(leadidtype)" from="gettag(allsystemuserids,getrandom,systemuserid)" to="gettag(allsystemuserids,getrandom,systemuserid)" statecode="1"/>
		</lead>
    		<account count="15" new_attribute1="replace(randomstring,10,20)" new_attribute2="replace(randomnumber,100000001,100000005)" new_attribute3="true" new_attribute4="replace(randomnumber)" new_attribute5="replace(randomnumber)" new_attribute6="replace(randomnumber)" new_attribute7="replace(randomnumber)" new_attribute8="replace(randomstring,100,400)" new_attribute9="replace(randomstarttime)" new_attribute10="replace(randomdate)" save_1="settag(accountid,account,entityid)" save_2="settype(accountidtype)" revenue="replace(randomnumber,10,300)">
      			<appointment count="21" requiredattendees="gettag(allsystemuserids,getrandom,systemuserid)" regardingobjectid.Id="getdyntag(accountid)" regardingobjectid.LogicalName="getdyntag(accountidtype)"/>
			<connection count="2" record1id.Id="getdyntag(connectionaccountid,getrandom,entityid)" record1id.LogicalName="getdyntag(accountidtype)" record2id.Id="getdyntag(accountid)" record2id.LogicalName="getdyntag(accountidtype)" record1roleid.Id="gettag(allconnectionrole,getrandom,connectionroleid)" record2roleid.Id="getdyntag(allconnectionrole,getrandom,connectionroleid)"/>
      			<connection count="7" record1id.Id="getdyntag(connectioncontactid,getrandom,entityid)" record1id.LogicalName="getdyntag(contactidtype)" record2id.Id="getdyntag(accountid)" record2id.LogicalName="getdyntag(accountidtype)" record1roleid.Id="gettag(allconnectionrole,getrandom,connectionroleid)" record2roleid.Id="getdyntag(allconnectionrole,getrandom,connectionroleid)"/>
      			<connection count="2" record1id.Id="getdyntag(connectionopportunityid,getrandom,entityid)" record1id.LogicalName="getdyntag(opportunityidtype)" record2id.Id="getdyntag(accountid)" record2id.LogicalName="getdyntag(accountidtype)" record1roleid.Id="gettag(allconnectionrole,getrandom,connectionroleid)" record2roleid.Id="getdyntag(allconnectionrole,getrandom,connectionroleid)"/>
      			<connection count="3" record1id.Id="gettag(allsystemuserids,getrandom,systemuserid)" record1id.LogicalName="systemuser" record2id.Id="getdyntag(accountid)" record2id.LogicalName="getdyntag(accountidtype)" record1roleid.Id="gettag(allconnectionrole,getrandom,connectionroleid)" record2roleid.Id="gettag(allconnectionrole,getrandom,connectionroleid)"/>
      			<fax count="5" regardingobjectid.Id="getdyntag(accountid)" regardingobjectid.LogicalName="getdyntag(accountidtype)" from="gettag(allsystemuserids,getrandom,systemuserid)" to="gettag(allsystemuserids,getrandom,systemuserid)"/>
      			<letter count="5" regardingobjectid.Id="getdyntag(accountid)" regardingobjectid.LogicalName="getdyntag(accountidtype)" from="gettag(allsystemuserids,getrandom,systemuserid)" to="gettag(allsystemuserids,getrandom,systemuserid)"/>
      			<phonecall count="5" regardingobjectid.Id="getdyntag(accountid)" regardingobjectid.LogicalName="getdyntag(accountidtype)" from="gettag(allsystemuserids,getrandom,systemuserid)" to="gettag(allsystemuserids,getrandom,systemuserid)"/>
      			<annotation count="1" objectid.Id="getdyntag(accountid)" objectid.LogicalName="getdyntag(accountidtype)"></annotation>
      			<task count="2" regardingobjectid.Id="getdyntag(accountid)" regardingobjectid.LogicalName="getdyntag(accountidtype)" new_attribute1="replace(randomstring,10,20)" new_attribute2="replace(randomnumber,100000001,100000005)" new_attribute3="true" new_attribute4="replace(randomnumber)" new_attribute5="replace(randomnumber)" new_attribute6="replace(randomnumber)" new_attribute7="replace(randomnumber)" new_attribute8="replace(randomstring,100,400)" new_attribute9="replace(randomstarttime)" new_attribute10="replace(randomdate)" save_1="settag(taskid,activity,entityid)" save_2="settype(taskidtype)">
        			<annotation count="1" objectid.Id="getdyntag(taskid)" objectid.LogicalName="getdyntag(taskidtype)"></annotation>
      			</task>
      			<task count="12" regardingobjectid.Id="getdyntag(accountid)" regardingobjectid.LogicalName="getdyntag(accountidtype)" new_attribute1="replace(randomstring,10,20)" new_attribute2="replace(randomnumber,100000001,100000005)" new_attribute3="true" new_attribute4="replace(randomnumber)" new_attribute5="replace(randomnumber)" new_attribute6="replace(randomnumber)" new_attribute7="replace(randomnumber)" new_attribute8="replace(randomstring,100,400)" new_attribute9="replace(randomstarttime)" new_attribute10="replace(randomdate)" save_1="settag(taskid,activity,entityid)" save_2="settype(taskidtype)" statecode="1">
        			<annotation count="1" objectid.Id="getdyntag(taskid)" objectid.LogicalName="getdyntag(taskidtype)"></annotation>
      			</task>
      			<task count="6" regardingobjectid.Id="getdyntag(accountid)" regardingobjectid.LogicalName="getdyntag(accountidtype)" new_attribute1="replace(randomstring,10,20)" new_attribute2="replace(randomnumber,100000001,100000005)" new_attribute3="true" new_attribute4="replace(randomnumber)" new_attribute5="replace(randomnumber)" new_attribute6="replace(randomnumber)" new_attribute7="replace(randomnumber)" new_attribute8="replace(randomstring,100,400)" new_attribute9="replace(randomstarttime)" new_attribute10="replace(randomdate)" save_1="settag(taskid,activity,entityid)" save_2="settype(taskidtype)" statecode="2">
        			<annotation count="1" objectid.Id="getdyntag(taskid)" objectid.LogicalName="getdyntag(taskidtype)"></annotation>
      			</task>
      			<email count="14" sender="gettag(allsystemuserids,getrandom,systemuserid)" torecipients="gettag(allsystemuserids,getrandom,systemuserid)" regardingobjectid.Id="getdyntag(accountid)" regardingobjectid.LogicalName="getdyntag(accountidtype)" from="gettag(allsystemuserids,getrandom,systemuserid)" to="gettag(allsystemuserids,getrandom,systemuserid)"></email>
      			<annotation count="1" objectid.Id="getdyntag(accountid)" objectid.LogicalName="getdyntag(accountidtype)"></annotation>
      			<contact count="3" parentcustomerid.Id="getdyntag(accountid)" parentcustomerid.LogicalName="getdyntag(accountidtype)" new_attribute1="replace(randomstring,10,20)" new_attribute2="replace(randomnumber,100000001,100000005)" new_attribute3="true" new_attribute4="replace(randomnumber)" new_attribute5="replace(randomnumber)" new_attribute6="replace(randomnumber)" new_attribute7="replace(randomnumber)" new_attribute8="replace(randomstring,100,400)" new_attribute9="replace(randomstarttime)" new_attribute10="replace(randomdate)" save_1="settag(contactid,contact,entityid)" save_2="settype(contactidtype)">
        			<annotation count="1" objectid.Id="getdyntag(contactid)" objectid.LogicalName="getdyntag(contactidtype)"></annotation>
        			<task count="2" regardingobjectid.Id="getdyntag(contactid)" regardingobjectid.LogicalName="getdyntag(contactidtype)" new_attribute1="replace(randomstring,10,20)" new_attribute2="replace(randomnumber,100000001,100000005)" new_attribute3="true" new_attribute4="replace(randomnumber)" new_attribute5="replace(randomnumber)" new_attribute6="replace(randomnumber)" new_attribute7="replace(randomnumber)" new_attribute8="replace(randomstring,100,400)" new_attribute9="replace(randomstarttime)" new_attribute10="replace(randomdate)" save_1="settag(contact_taskid,activity,entityid)" save_2="settype(contact_taskidtype)">
          				<annotation count="1" objectid.Id="getdyntag(contact_taskid)" objectid.LogicalName="getdyntag(contact_taskidtype)"></annotation>
        			</task>
        			<task count="12" regardingobjectid.Id="getdyntag(contactid)" regardingobjectid.LogicalName="getdyntag(contactidtype)" new_attribute1="replace(randomstring,10,20)" new_attribute2="replace(randomnumber,100000001,100000005)" new_attribute3="true" new_attribute4="replace(randomnumber)" new_attribute5="replace(randomnumber)" new_attribute6="replace(randomnumber)" new_attribute7="replace(randomnumber)" new_attribute8="replace(randomstring,100,400)" new_attribute9="replace(randomstarttime)" new_attribute10="replace(randomdate)" save_1="settag(contact_taskid,activity,entityid)" save_2="settype(contact_taskidtype)" statecode="1">
          				<annotation count="1" objectid.Id="getdyntag(contact_taskid)" objectid.LogicalName="getdyntag(contact_taskidtype)"></annotation>
        			</task>
        			<task count="6" regardingobjectid.Id="getdyntag(contactid)" regardingobjectid.LogicalName="getdyntag(contactidtype)" new_attribute1="replace(randomstring,10,20)" new_attribute2="replace(randomnumber,100000001,100000005)" new_attribute3="true" new_attribute4="replace(randomnumber)" new_attribute5="replace(randomnumber)" new_attribute6="replace(randomnumber)" new_attribute7="replace(randomnumber)" new_attribute8="replace(randomstring,100,400)" new_attribute9="replace(randomstarttime)" new_attribute10="replace(randomdate)" save_1="settag(contact_taskid,activity,entityid)" save_2="settype(contact_taskidtype)" statecode="2">
          				<annotation count="1" objectid.Id="getdyntag(contact_taskid)" objectid.LogicalName="getdyntag(contact_taskidtype)"></annotation>
        			</task>
        			<email count="14" sender="gettag(allsystemuserids,getrandom,systemuserid)" torecipients="gettag(allsystemuserids,getrandom,systemuserid)" regardingobjectid.Id="getdyntag(contactid)" regardingobjectid.LogicalName="getdyntag(contactidtype)" from="gettag(allsystemuserids,getrandom,systemuserid)" to="gettag(allsystemuserids,getrandom,systemuserid)"></email>
      			</contact>
      			<contact count="1" firstname="getdyntag(accountid)" lastname="getdyntag(accountid)" parentcustomerid.Id="getdyntag(accountid)" parentcustomerid.LogicalName="getdyntag(accountidtype)" new_attribute1="replace(randomstring,10,20)" new_attribute2="replace(randomnumber,100000001,100000005)" new_attribute3="true" new_attribute4="replace(randomnumber)" new_attribute5="replace(randomnumber)" new_attribute6="replace(randomnumber)" new_attribute7="replace(randomnumber)" new_attribute8="replace(randomstring,100,400)" new_attribute9="replace(randomstarttime)" new_attribute10="replace(randomdate)" save_1="settag(contactid,contact,entityid)" save_2="settype(contactidtype)">
        			<annotation count="1" objectid.Id="getdyntag(contactid)" objectid.LogicalName="getdyntag(contactidtype)"></annotation>
        			<task count="2" regardingobjectid.Id="getdyntag(contactid)" regardingobjectid.LogicalName="getdyntag(contactidtype)" new_attribute1="replace(randomstring,10,20)" new_attribute2="replace(randomnumber,100000001,100000005)" new_attribute3="true" new_attribute4="replace(randomnumber)" new_attribute5="replace(randomnumber)" new_attribute6="replace(randomnumber)" new_attribute7="replace(randomnumber)" new_attribute8="replace(randomstring,100,400)" new_attribute9="replace(randomstarttime)" new_attribute10="replace(randomdate)" save_1="settag(contact_taskid,activity,entityid)" save_2="settype(contact_taskidtype)">
          				<annotation count="1" objectid.Id="getdyntag(contact_taskid)" objectid.LogicalName="getdyntag(contact_taskidtype)"></annotation>
        			</task>
        			<task count="12" regardingobjectid.Id="getdyntag(contactid)" regardingobjectid.LogicalName="getdyntag(contactidtype)" new_attribute1="replace(randomstring,10,20)" new_attribute2="replace(randomnumber,100000001,100000005)" new_attribute3="true" new_attribute4="replace(randomnumber)" new_attribute5="replace(randomnumber)" new_attribute6="replace(randomnumber)" new_attribute7="replace(randomnumber)" new_attribute8="replace(randomstring,100,400)" new_attribute9="replace(randomstarttime)" new_attribute10="replace(randomdate)" save_1="settag(contact_taskid,activity,entityid)" save_2="settype(contact_taskidtype)" statecode="1">
          				<annotation count="1" objectid.Id="getdyntag(contact_taskid)" objectid.LogicalName="getdyntag(contact_taskidtype)"></annotation>
        			</task>
        			<task count="6" regardingobjectid.Id="getdyntag(contactid)" regardingobjectid.LogicalName="getdyntag(contactidtype)" new_attribute1="replace(randomstring,10,20)" new_attribute2="replace(randomnumber,100000001,100000005)" new_attribute3="true" new_attribute4="replace(randomnumber)" new_attribute5="replace(randomnumber)" new_attribute6="replace(randomnumber)" new_attribute7="replace(randomnumber)" new_attribute8="replace(randomstring,100,400)" new_attribute9="replace(randomstarttime)" new_attribute10="replace(randomdate)" save_1="settag(contact_taskid,activity,entityid)" save_2="settype(contact_taskidtype)" statecode="2">
          				<annotation count="1" objectid.Id="getdyntag(contact_taskid)" objectid.LogicalName="getdyntag(contact_taskidtype)"></annotation>
        			</task>
        			<email count="14" sender="gettag(allsystemuserids,getrandom,systemuserid)" torecipients="gettag(allsystemuserids,getrandom,systemuserid)" regardingobjectid.Id="getdyntag(contactid)" regardingobjectid.LogicalName="getdyntag(contactidtype)" from="gettag(allsystemuserids,getrandom,systemuserid)" to="gettag(allsystemuserids,getrandom,systemuserid)"></email>
      			</contact>
    		</account>
		<lead count="90" lastname="replace(randomstring,5,10) + updatable object" save_1="settag(leadid,lead,entityid)" save_2="settype(leadidtype)" statecode="1">
      			<annotation count="1" objectid.Id="getdyntag(leadid)" objectid.LogicalName="getdyntag(leadidtype)"></annotation>
    		</lead>
		<lead count="20" lastname="replace(randomstring,5,10) + updatable object" save_1="settag(leadid,lead,entityid)" save_2="settype(leadidtype)">
			<annotation count="1" objectid.Id="getdyntag(leadid)" objectid.LogicalName="getdyntag(leadidtype)"></annotation>
		</lead>
		<lead count="30" lastname="replace(randomstring,5,10) + deletable object" save_1="settag(leadid,lead,entityid)" save_2="settype(leadidtype)" statecode="2">
			<annotation count="1" objectid.Id="getdyntag(leadid)" objectid.LogicalName="getdyntag(leadidtype)"></annotation>
		</lead>
    		<account count="2" name="replace(randomstring,10,15) + deletable object" new_attribute2="replace(randomnumber,100000001,100000005)" new_attribute3="true" new_attribute4="replace(randomnumber)" new_attribute5="replace(randomnumber)" new_attribute6="replace(randomnumber)" new_attribute7="replace(randomnumber)" new_attribute8="replace(randomstring,100,400)" new_attribute9="replace(randomstarttime)" new_attribute10="replace(randomdate)" save_1="settag(accountid2,account,entityid)" save_2="settype(accountidtype)" revenue="replace(randomnumber,10,300)">
			<annotation count="1" objectid.Id="getdyntag(accountid2)" objectid.LogicalName="getdyntag(accountidtype)"></annotation>
      			<task count="20" regardingobjectid.Id="getdyntag(accountid2)" regardingobjectid.LogicalName="getdyntag(accountidtype)" new_attribute1="replace(randomstring,10,20)" new_attribute2="replace(randomnumber,100000001,100000005)" new_attribute3="true" new_attribute4="replace(randomnumber)" new_attribute5="replace(randomnumber)" new_attribute6="replace(randomnumber)" new_attribute7="replace(randomnumber)" new_attribute8="replace(randomstring,100,400)" new_attribute9="replace(randomstarttime)" new_attribute10="replace(randomdate)" save_1="settag(taskid2,activity,entityid)" save_2="settype(taskidtype)">
        			<annotation count="1" objectid.Id="getdyntag(taskid2)" objectid.LogicalName="getdyntag(taskidtype)"></annotation>
      			</task>
      			<email count="14" sender="gettag(allsystemuserids,getrandom,systemuserid)" torecipients="gettag(allsystemuserids,getrandom,systemuserid)" regardingobjectid.Id="getdyntag(accountid2)" regardingobjectid.LogicalName="getdyntag(accountidtype)" from="gettag(allsystemuserids,getrandom,systemuserid)" to="gettag(allsystemuserids,getrandom,systemuserid)"></email>
      			<contact count="2" lastname="replace(randomstring,5,10) + deletable object" parentcustomerid.Id="getdyntag(accountid2)" parentcustomerid.LogicalName="getdyntag(accountidtype)" new_attribute1="replace(randomstring,10,20)" new_attribute2="replace(randomnumber,100000001,100000005)" new_attribute3="true" new_attribute4="replace(randomnumber)" new_attribute5="replace(randomnumber)" new_attribute6="replace(randomnumber)" new_attribute7="replace(randomnumber)" new_attribute8="replace(randomstring,100,400)" new_attribute9="replace(randomstarttime)" new_attribute10="replace(randomdate)" save_1="settag(contactid2,contact,entityid)" save_2="settype(contactidtype)">
        			<annotation count="1" objectid.Id="getdyntag(contactid2)" objectid.LogicalName="getdyntag(contactidtype)"></annotation>
        			<task count="20" regardingobjectid.Id="getdyntag(contactid2)" regardingobjectid.LogicalName="getdyntag(contactidtype)" new_attribute1="replace(randomstring,10,20)" new_attribute2="replace(randomnumber,100000001,100000005)" new_attribute3="true" new_attribute4="replace(randomnumber)" new_attribute5="replace(randomnumber)" new_attribute6="replace(randomnumber)" new_attribute7="replace(randomnumber)" new_attribute8="replace(randomstring,100,400)" new_attribute9="replace(randomstarttime)" new_attribute10="replace(randomdate)" save_1="settag(contact_taskid2,activity,entityid)" save_2="settype(contact_taskidtype)">
          				<annotation count="1" objectid.Id="getdyntag(contact_taskid2)" objectid.LogicalName="getdyntag(contact_taskidtype)"></annotation>
        			</task>
        			<email count="14" sender="gettag(allsystemuserids,getrandom,systemuserid)" torecipients="gettag(allsystemuserids,getrandom,systemuserid)" regardingobjectid.Id="getdyntag(contactid2)" regardingobjectid.LogicalName="getdyntag(contactidtype)" from="gettag(allsystemuserids,getrandom,systemuserid)" to="gettag(allsystemuserids,getrandom,systemuserid)"></email>
      			</contact>
    		</account>
		<account count="1" new_attribute1="replace(randomstring,10,20)" new_attribute2="replace(randomnumber,100000001,100000005)" new_attribute3="true" new_attribute4="replace(randomnumber)" new_attribute5="replace(randomnumber)" new_attribute6="replace(randomnumber)" new_attribute7="replace(randomnumber)" new_attribute8="replace(randomstring,100,400)" new_attribute9="replace(randomstarttime)" new_attribute10="replace(randomdate)" save_1="settag(accountid3,account,entityid)" save_2="settype(accountidtype)" save_3="settag(name,account,entityid)" revenue="replace(randomnumber,10000,30000)">
		</account>
    		<list count="50" save_1="settag(listid,list,all)">
      	  		<listmember count="5" listid.Id="getdyntag(listid,getlast,listid)" entityid.Id="gettag(allaccountids,getrandom,accountid)" entitytype="1">
      	  		</listmember>
    		</list>
    		<campaign count="5" save_1="settag(campaignid,campaign,entityid)" save_2="settype(campaignidtype)">
      	  		<campaignitem count="3" campaignid.Id="getdyntag(campaignid)" entityid="gettag(allproductids,getrandom,productid)" entityname="product">
      	  		</campaignitem>
      	  		<campaignitem count="3" campaignid.Id="getdyntag(campaignid)" entityid="getdyntag(listid,getlast,listid)" entityname="list">
      		  	</campaignitem>
      	  		<campaignactivity count="4" regardingobjectid.Id="getdyntag(campaignid)" regardingobjectid.LogicalName="getdyntag(campaignidtype)" save_1="settag(campaignactivityid,campaignactivity,entityid)">
            			<campaignactivityitem count="2" campaignactivityid.Id="getdyntag(campaignactivityid)" itemid="getdyntag(listid,getlast,listid)" entityname="list">
            			</campaignactivityitem>
          		</campaignactivity>
          		<campaignresponse count="4" regardingobjectid.Id="getdyntag(campaignid)" regardingobjectid.LogicalName="getdyntag(campaignidtype)">
          		</campaignresponse>
          		<opportunity count="1" customerid.Id="gettag(allaccountids,getrandom,accountid)" customerid.LogicalName="account" pricelevelid.Id="gettag(allpricelevelids,getrandom,pricelevelid)" campaignid.Id="getdyntag(campaignid)" save_1="settag(opportunityid1,opportunity,entityid)" save_2="settype(opportunityid1type)">
            			<opportunityproduct count="1" opportunityid.Id="getdyntag(opportunityid1)" productid.Id="gettag(allproductids,getrandom,productid)" uomid.Id="gettag(allproductids,getfiltered,defaultuomid.Id,productid.Id)"></opportunityproduct>
          		</opportunity>
    		</campaign>
	</objectDist>
</DbPopConfig>
