﻿<attributes>
  <attribute>
    <EntityLogicalName>new_customaccount</EntityLogicalName>
    <AttributeLogicalName>new_actualrevenue</AttributeLogicalName>
    <FormulaDefinition>
      <Activity x:Class="XrmWorkflow00000000000000000000000000000000" xmlns="http://schemas.microsoft.com/netfx/2009/xaml/activities" xmlns:mcwc="clr-namespace:Microsoft.Crm.Workflow.ClientActivities;assembly=Microsoft.Crm.Workflow, Version=8.0.0.0, Culture=neutral, PublicKeyToken=31bf3856ad364e35" xmlns:mva="clr-namespace:Microsoft.VisualBasic.Activities;assembly=System.Activities, Version=4.0.0.0, Culture=neutral, PublicKeyToken=31bf3856ad364e35" xmlns:mxs="clr-namespace:Microsoft.Xrm.Sdk;assembly=Microsoft.Xrm.Sdk, Version=8.0.0.0, Culture=neutral, PublicKeyToken=31bf3856ad364e35" xmlns:mxsq="clr-namespace:Microsoft.Xrm.Sdk.Query;assembly=Microsoft.Xrm.Sdk, Version=8.0.0.0, Culture=neutral, PublicKeyToken=31bf3856ad364e35" xmlns:mxswa="clr-namespace:Microsoft.Xrm.Sdk.Workflow.Activities;assembly=Microsoft.Xrm.Sdk.Workflow, Version=8.0.0.0, Culture=neutral, PublicKeyToken=31bf3856ad364e35" xmlns:s="clr-namespace:System;assembly=mscorlib, Version=4.0.0.0, Culture=neutral, PublicKeyToken=b77a5c561934e089" xmlns:scg="clr-namespace:System.Collections.Generic;assembly=mscorlib, Version=4.0.0.0, Culture=neutral, PublicKeyToken=b77a5c561934e089" xmlns:srs="clr-namespace:System.Runtime.Serialization;assembly=System.Runtime.Serialization, Version=4.0.0.0, Culture=neutral, PublicKeyToken=b77a5c561934e089" xmlns:this="clr-namespace:" xmlns:x="http://schemas.microsoft.com/winfx/2006/xaml">
        <x:Members>
          <x:Property Name="InputEntities" Type="InArgument(scg:IDictionary(x:String, mxs:Entity))" />
          <x:Property Name="CreatedEntities" Type="InArgument(scg:IDictionary(x:String, mxs:Entity))" />
        </x:Members>
        <this:XrmWorkflow00000000000000000000000000000000.InputEntities>
          <InArgument x:TypeArguments="scg:IDictionary(x:String, mxs:Entity)" />
        </this:XrmWorkflow00000000000000000000000000000000.InputEntities>
        <this:XrmWorkflow00000000000000000000000000000000.CreatedEntities>
          <InArgument x:TypeArguments="scg:IDictionary(x:String, mxs:Entity)" />
        </this:XrmWorkflow00000000000000000000000000000000.CreatedEntities>
        <mva:VisualBasic.Settings>Assembly references and imported namespaces for internal implementation</mva:VisualBasic.Settings>
        <mxswa:Workflow>
          <Sequence DisplayName="RollupRuleStep1">
            <Sequence DisplayName="Source">
              <Sequence.Variables>
                <Variable x:TypeArguments="x:Boolean" Default="True" Name="IsHierarchical" />
              </Sequence.Variables>
            </Sequence>
            <Sequence DisplayName="Target">
              <Sequence.Variables>
                <Variable x:TypeArguments="x:Boolean" Default="False" Name="RollupRuleStep1_1" />
                <Variable x:TypeArguments="x:Object" Name="RollupRuleStep1_2" />
                <Variable x:TypeArguments="x:Object" Name="RollupRuleStep1_3" />
              </Sequence.Variables>
              <mcwc:SetAttributeValue DisplayName="new_customopportunity.new_customerid.new_new_customaccount_new_customopportunities" Entity="[CreatedEntities(&quot;relatedlinked_new_new_customaccount_new_customopportunities#new_customerid#new_customopportunity#Temp&quot;)]" EntityName="new_customopportunity" />
              <mxswa:GetEntityProperty Attribute="statecode" Entity="[InputEntities(&quot;primaryEntity&quot;)]" EntityName="new_customopportunity" Value="[RollupRuleStep1_2]">
                <mxswa:GetEntityProperty.TargetType>
                  <InArgument x:TypeArguments="s:Type">
                    <mxswa:ReferenceLiteral x:TypeArguments="s:Type">
                      <x:Null />
                    </mxswa:ReferenceLiteral>
                  </InArgument>
                </mxswa:GetEntityProperty.TargetType>
              </mxswa:GetEntityProperty>
              <mxswa:ActivityReference AssemblyQualifiedName="Microsoft.Crm.Workflow.Activities.EvaluateExpression, Microsoft.Crm.Workflow, Version=8.0.0.0, Culture=neutral, PublicKeyToken=31bf3856ad364e35" DisplayName="EvaluateExpression">
                <mxswa:ActivityReference.Arguments>
                  <InArgument x:TypeArguments="x:String" x:Key="ExpressionOperator">CreateCrmType</InArgument>
                  <InArgument x:TypeArguments="s:Object[]" x:Key="Parameters">[New Object() { Microsoft.Xrm.Sdk.Workflow.WorkflowPropertyType.OptionSetValue, "0", "State" }]</InArgument>
                  <InArgument x:TypeArguments="s:Type" x:Key="TargetType">
                    <mxswa:ReferenceLiteral x:TypeArguments="s:Type" Value="mxs:OptionSetValue" />
                  </InArgument>
                  <OutArgument x:TypeArguments="x:Object" x:Key="Result">[RollupRuleStep1_3]</OutArgument>
                </mxswa:ActivityReference.Arguments>
              </mxswa:ActivityReference>
              <mxswa:ActivityReference AssemblyQualifiedName="Microsoft.Crm.Workflow.Activities.EvaluateCondition, Microsoft.Crm.Workflow, Version=8.0.0.0, Culture=neutral, PublicKeyToken=31bf3856ad364e35" DisplayName="EvaluateCondition">
                <mxswa:ActivityReference.Arguments>
                  <InArgument x:TypeArguments="mxsq:ConditionOperator" x:Key="ConditionOperator">Equal</InArgument>
                  <InArgument x:TypeArguments="s:Object[]" x:Key="Parameters">[New Object() { RollupRuleStep1_3 }]</InArgument>
                  <InArgument x:TypeArguments="x:Object" x:Key="Operand">[RollupRuleStep1_2]</InArgument>
                  <OutArgument x:TypeArguments="x:Boolean" x:Key="Result">[RollupRuleStep1_1]</OutArgument>
                </mxswa:ActivityReference.Arguments>
              </mxswa:ActivityReference>
            </Sequence>
            <Sequence DisplayName="Aggregate">
              <Sequence.Variables>
                <Variable x:TypeArguments="x:Object" Name="RollupRuleStep1_4" />
                <Variable x:TypeArguments="x:Object" Name="RollupRuleStep1_5" />
              </Sequence.Variables>
              <mxswa:GetEntityProperty Attribute="new_actualrevenue" Entity="[InputEntities(&quot;primaryEntity&quot;)]" EntityName="new_customopportunity" Value="[RollupRuleStep1_5]">
                <mxswa:GetEntityProperty.TargetType>
                  <InArgument x:TypeArguments="s:Type">
                    <mxswa:ReferenceLiteral x:TypeArguments="s:Type">
                      <x:Null />
                    </mxswa:ReferenceLiteral>
                  </InArgument>
                </mxswa:GetEntityProperty.TargetType>
              </mxswa:GetEntityProperty>
              <mxswa:ActivityReference AssemblyQualifiedName="Microsoft.Crm.Workflow.Activities.EvaluateExpression, Microsoft.Crm.Workflow, Version=8.0.0.0, Culture=neutral, PublicKeyToken=31bf3856ad364e35" DisplayName="EvaluateExpression">
                <mxswa:ActivityReference.Arguments>
                  <InArgument x:TypeArguments="x:String" x:Key="ExpressionOperator">Sum</InArgument>
                  <InArgument x:TypeArguments="s:Object[]" x:Key="Parameters">[New Object() { RollupRuleStep1_5 }]</InArgument>
                  <InArgument x:TypeArguments="s:Type" x:Key="TargetType">
                    <mxswa:ReferenceLiteral x:TypeArguments="s:Type">
                      <x:Null />
                    </mxswa:ReferenceLiteral>
                  </InArgument>
                  <OutArgument x:TypeArguments="x:Object" x:Key="Result">[RollupRuleStep1_4]</OutArgument>
                </mxswa:ActivityReference.Arguments>
              </mxswa:ActivityReference>
            </Sequence>
          </Sequence>
        </mxswa:Workflow>
      </Activity>
    </FormulaDefinition>
  </attribute>
  <attribute>
    <EntityLogicalName>new_customaccount</EntityLogicalName>
    <AttributeLogicalName>new_estimatedrevenue</AttributeLogicalName>
    <FormulaDefinition>
      <Activity x:Class="XrmWorkflow00000000000000000000000000000000" xmlns="http://schemas.microsoft.com/netfx/2009/xaml/activities" xmlns:mcwc="clr-namespace:Microsoft.Crm.Workflow.ClientActivities;assembly=Microsoft.Crm.Workflow, Version=8.0.0.0, Culture=neutral, PublicKeyToken=31bf3856ad364e35" xmlns:mva="clr-namespace:Microsoft.VisualBasic.Activities;assembly=System.Activities, Version=4.0.0.0, Culture=neutral, PublicKeyToken=31bf3856ad364e35" xmlns:mxs="clr-namespace:Microsoft.Xrm.Sdk;assembly=Microsoft.Xrm.Sdk, Version=8.0.0.0, Culture=neutral, PublicKeyToken=31bf3856ad364e35" xmlns:mxsq="clr-namespace:Microsoft.Xrm.Sdk.Query;assembly=Microsoft.Xrm.Sdk, Version=8.0.0.0, Culture=neutral, PublicKeyToken=31bf3856ad364e35" xmlns:mxswa="clr-namespace:Microsoft.Xrm.Sdk.Workflow.Activities;assembly=Microsoft.Xrm.Sdk.Workflow, Version=8.0.0.0, Culture=neutral, PublicKeyToken=31bf3856ad364e35" xmlns:s="clr-namespace:System;assembly=mscorlib, Version=4.0.0.0, Culture=neutral, PublicKeyToken=b77a5c561934e089" xmlns:scg="clr-namespace:System.Collections.Generic;assembly=mscorlib, Version=4.0.0.0, Culture=neutral, PublicKeyToken=b77a5c561934e089" xmlns:srs="clr-namespace:System.Runtime.Serialization;assembly=System.Runtime.Serialization, Version=4.0.0.0, Culture=neutral, PublicKeyToken=b77a5c561934e089" xmlns:this="clr-namespace:" xmlns:x="http://schemas.microsoft.com/winfx/2006/xaml">
        <x:Members>
          <x:Property Name="InputEntities" Type="InArgument(scg:IDictionary(x:String, mxs:Entity))" />
          <x:Property Name="CreatedEntities" Type="InArgument(scg:IDictionary(x:String, mxs:Entity))" />
        </x:Members>
        <this:XrmWorkflow00000000000000000000000000000000.InputEntities>
          <InArgument x:TypeArguments="scg:IDictionary(x:String, mxs:Entity)" />
        </this:XrmWorkflow00000000000000000000000000000000.InputEntities>
        <this:XrmWorkflow00000000000000000000000000000000.CreatedEntities>
          <InArgument x:TypeArguments="scg:IDictionary(x:String, mxs:Entity)" />
        </this:XrmWorkflow00000000000000000000000000000000.CreatedEntities>
        <mva:VisualBasic.Settings>Assembly references and imported namespaces for internal implementation</mva:VisualBasic.Settings>
        <mxswa:Workflow>
          <Sequence DisplayName="RollupRuleStep1">
            <Sequence DisplayName="Source">
              <Sequence.Variables>
                <Variable x:TypeArguments="x:String" Default="new_customaccount_child_customaccounts" Name="HierarchicalRelationshipName" />
              </Sequence.Variables>
            </Sequence>
            <Sequence DisplayName="Target">
              <Sequence.Variables>
                <Variable x:TypeArguments="x:Boolean" Default="False" Name="RollupRuleStep1_1" />
                <Variable x:TypeArguments="x:Object" Name="RollupRuleStep1_2" />
                <Variable x:TypeArguments="x:Object" Name="RollupRuleStep1_3" />
              </Sequence.Variables>
              <mcwc:SetAttributeValue DisplayName="new_customopportunity.new_customerid.new_new_customaccount_new_customopportunities" Entity="[CreatedEntities(&quot;relatedlinked_new_new_customaccount_new_customopportunities#new_customerid#new_customopportunity#Temp&quot;)]" EntityName="new_customopportunity" />
              <mxswa:GetEntityProperty Attribute="statecode" Entity="[InputEntities(&quot;primaryEntity&quot;)]" EntityName="new_customopportunity" Value="[RollupRuleStep1_2]">
                <mxswa:GetEntityProperty.TargetType>
                  <InArgument x:TypeArguments="s:Type">
                    <mxswa:ReferenceLiteral x:TypeArguments="s:Type">
                      <x:Null />
                    </mxswa:ReferenceLiteral>
                  </InArgument>
                </mxswa:GetEntityProperty.TargetType>
              </mxswa:GetEntityProperty>
              <mxswa:ActivityReference AssemblyQualifiedName="Microsoft.Crm.Workflow.Activities.EvaluateExpression, Microsoft.Crm.Workflow, Version=8.0.0.0, Culture=neutral, PublicKeyToken=31bf3856ad364e35" DisplayName="EvaluateExpression">
                <mxswa:ActivityReference.Arguments>
                  <InArgument x:TypeArguments="x:String" x:Key="ExpressionOperator">CreateCrmType</InArgument>
                  <InArgument x:TypeArguments="s:Object[]" x:Key="Parameters">[New Object() { Microsoft.Xrm.Sdk.Workflow.WorkflowPropertyType.OptionSetValue, "0", "State" }]</InArgument>
                  <InArgument x:TypeArguments="s:Type" x:Key="TargetType">
                    <mxswa:ReferenceLiteral x:TypeArguments="s:Type" Value="mxs:OptionSetValue" />
                  </InArgument>
                  <OutArgument x:TypeArguments="x:Object" x:Key="Result">[RollupRuleStep1_3]</OutArgument>
                </mxswa:ActivityReference.Arguments>
              </mxswa:ActivityReference>
              <mxswa:ActivityReference AssemblyQualifiedName="Microsoft.Crm.Workflow.Activities.EvaluateCondition, Microsoft.Crm.Workflow, Version=8.0.0.0, Culture=neutral, PublicKeyToken=31bf3856ad364e35" DisplayName="EvaluateCondition">
                <mxswa:ActivityReference.Arguments>
                  <InArgument x:TypeArguments="mxsq:ConditionOperator" x:Key="ConditionOperator">Equal</InArgument>
                  <InArgument x:TypeArguments="s:Object[]" x:Key="Parameters">[New Object() { RollupRuleStep1_3 }]</InArgument>
                  <InArgument x:TypeArguments="x:Object" x:Key="Operand">[RollupRuleStep1_2]</InArgument>
                  <OutArgument x:TypeArguments="x:Boolean" x:Key="Result">[RollupRuleStep1_1]</OutArgument>
                </mxswa:ActivityReference.Arguments>
              </mxswa:ActivityReference>
            </Sequence>
            <Sequence DisplayName="Aggregate">
              <Sequence.Variables>
                <Variable x:TypeArguments="x:Object" Name="RollupRuleStep1_4" />
                <Variable x:TypeArguments="x:Object" Name="RollupRuleStep1_5" />
              </Sequence.Variables>
              <mxswa:GetEntityProperty Attribute="new_estimatedrevenue" Entity="[InputEntities(&quot;primaryEntity&quot;)]" EntityName="new_customopportunity" Value="[RollupRuleStep1_5]">
                <mxswa:GetEntityProperty.TargetType>
                  <InArgument x:TypeArguments="s:Type">
                    <mxswa:ReferenceLiteral x:TypeArguments="s:Type">
                      <x:Null />
                    </mxswa:ReferenceLiteral>
                  </InArgument>
                </mxswa:GetEntityProperty.TargetType>
              </mxswa:GetEntityProperty>
              <mxswa:ActivityReference AssemblyQualifiedName="Microsoft.Crm.Workflow.Activities.EvaluateExpression, Microsoft.Crm.Workflow, Version=8.0.0.0, Culture=neutral, PublicKeyToken=31bf3856ad364e35" DisplayName="EvaluateExpression">
                <mxswa:ActivityReference.Arguments>
                  <InArgument x:TypeArguments="x:String" x:Key="ExpressionOperator">Sum</InArgument>
                  <InArgument x:TypeArguments="s:Object[]" x:Key="Parameters">[New Object() { RollupRuleStep1_5 }]</InArgument>
                  <InArgument x:TypeArguments="s:Type" x:Key="TargetType">
                    <mxswa:ReferenceLiteral x:TypeArguments="s:Type">
                      <x:Null />
                    </mxswa:ReferenceLiteral>
                  </InArgument>
                  <OutArgument x:TypeArguments="x:Object" x:Key="Result">[RollupRuleStep1_4]</OutArgument>
                </mxswa:ActivityReference.Arguments>
              </mxswa:ActivityReference>
            </Sequence>
          </Sequence>
        </mxswa:Workflow>
      </Activity>
    </FormulaDefinition>
  </attribute>
  <attribute>
    <EntityLogicalName>new_customaccount</EntityLogicalName>
    <AttributeLogicalName>new_opportunitycount</AttributeLogicalName>
    <FormulaDefinition>
      <Activity x:Class="XrmWorkflow00000000000000000000000000000000" xmlns="http://schemas.microsoft.com/netfx/2009/xaml/activities" xmlns:mcwc="clr-namespace:Microsoft.Crm.Workflow.ClientActivities;assembly=Microsoft.Crm.Workflow, Version=8.0.0.0, Culture=neutral, PublicKeyToken=31bf3856ad364e35" xmlns:mva="clr-namespace:Microsoft.VisualBasic.Activities;assembly=System.Activities, Version=4.0.0.0, Culture=neutral, PublicKeyToken=31bf3856ad364e35" xmlns:mxs="clr-namespace:Microsoft.Xrm.Sdk;assembly=Microsoft.Xrm.Sdk, Version=8.0.0.0, Culture=neutral, PublicKeyToken=31bf3856ad364e35" xmlns:mxsq="clr-namespace:Microsoft.Xrm.Sdk.Query;assembly=Microsoft.Xrm.Sdk, Version=8.0.0.0, Culture=neutral, PublicKeyToken=31bf3856ad364e35" xmlns:mxswa="clr-namespace:Microsoft.Xrm.Sdk.Workflow.Activities;assembly=Microsoft.Xrm.Sdk.Workflow, Version=8.0.0.0, Culture=neutral, PublicKeyToken=31bf3856ad364e35" xmlns:s="clr-namespace:System;assembly=mscorlib, Version=4.0.0.0, Culture=neutral, PublicKeyToken=b77a5c561934e089" xmlns:scg="clr-namespace:System.Collections.Generic;assembly=mscorlib, Version=4.0.0.0, Culture=neutral, PublicKeyToken=b77a5c561934e089" xmlns:srs="clr-namespace:System.Runtime.Serialization;assembly=System.Runtime.Serialization, Version=4.0.0.0, Culture=neutral, PublicKeyToken=b77a5c561934e089" xmlns:this="clr-namespace:" xmlns:x="http://schemas.microsoft.com/winfx/2006/xaml">
        <x:Members>
          <x:Property Name="InputEntities" Type="InArgument(scg:IDictionary(x:String, mxs:Entity))" />
          <x:Property Name="CreatedEntities" Type="InArgument(scg:IDictionary(x:String, mxs:Entity))" />
        </x:Members>
        <this:XrmWorkflow00000000000000000000000000000000.InputEntities>
          <InArgument x:TypeArguments="scg:IDictionary(x:String, mxs:Entity)" />
        </this:XrmWorkflow00000000000000000000000000000000.InputEntities>
        <this:XrmWorkflow00000000000000000000000000000000.CreatedEntities>
          <InArgument x:TypeArguments="scg:IDictionary(x:String, mxs:Entity)" />
        </this:XrmWorkflow00000000000000000000000000000000.CreatedEntities>
        <mva:VisualBasic.Settings>Assembly references and imported namespaces for internal implementation</mva:VisualBasic.Settings>
        <mxswa:Workflow>
          <Sequence DisplayName="RollupRuleStep1">
            <Sequence DisplayName="Source">
              <Sequence.Variables>
                <Variable x:TypeArguments="x:String" Default="new_customaccount_child_customaccounts" Name="HierarchicalRelationshipName" />
              </Sequence.Variables>
            </Sequence>
            <Sequence DisplayName="Target">
              <Sequence.Variables>
                <Variable x:TypeArguments="x:Boolean" Default="False" Name="RollupRuleStep1_1" />
                <Variable x:TypeArguments="x:Object" Name="RollupRuleStep1_2" />
                <Variable x:TypeArguments="x:Object" Name="RollupRuleStep1_3" />
              </Sequence.Variables>
              <mcwc:SetAttributeValue DisplayName="new_customopportunity.new_customerid.new_new_customaccount_new_customopportunities" Entity="[CreatedEntities(&quot;relatedlinked_new_new_customaccount_new_customopportunities#new_customerid#new_customopportunity#Temp&quot;)]" EntityName="new_customopportunity" />
              <mxswa:GetEntityProperty Attribute="new_estimatedrevenue" Entity="[InputEntities(&quot;primaryEntity&quot;)]" EntityName="new_customopportunity" Value="[RollupRuleStep1_2]">
                <mxswa:GetEntityProperty.TargetType>
                  <InArgument x:TypeArguments="s:Type">
                    <mxswa:ReferenceLiteral x:TypeArguments="s:Type">
                      <x:Null />
                    </mxswa:ReferenceLiteral>
                  </InArgument>
                </mxswa:GetEntityProperty.TargetType>
              </mxswa:GetEntityProperty>
              <mxswa:ActivityReference AssemblyQualifiedName="Microsoft.Crm.Workflow.Activities.EvaluateExpression, Microsoft.Crm.Workflow, Version=8.0.0.0, Culture=neutral, PublicKeyToken=31bf3856ad364e35" DisplayName="EvaluateExpression">
                <mxswa:ActivityReference.Arguments>
                  <InArgument x:TypeArguments="x:String" x:Key="ExpressionOperator">CreateCrmType</InArgument>
                  <InArgument x:TypeArguments="s:Object[]" x:Key="Parameters">[New Object() { Microsoft.Xrm.Sdk.Workflow.WorkflowPropertyType.Money, "0.2" }]</InArgument>
                  <InArgument x:TypeArguments="s:Type" x:Key="TargetType">
                    <mxswa:ReferenceLiteral x:TypeArguments="s:Type" Value="mxs:Money" />
                  </InArgument>
                  <OutArgument x:TypeArguments="x:Object" x:Key="Result">[RollupRuleStep1_3]</OutArgument>
                </mxswa:ActivityReference.Arguments>
              </mxswa:ActivityReference>
              <mxswa:ActivityReference AssemblyQualifiedName="Microsoft.Crm.Workflow.Activities.EvaluateCondition, Microsoft.Crm.Workflow, Version=8.0.0.0, Culture=neutral, PublicKeyToken=31bf3856ad364e35" DisplayName="EvaluateCondition">
                <mxswa:ActivityReference.Arguments>
                  <InArgument x:TypeArguments="mxsq:ConditionOperator" x:Key="ConditionOperator">GreaterThan</InArgument>
                  <InArgument x:TypeArguments="s:Object[]" x:Key="Parameters">[New Object() { RollupRuleStep1_3 }]</InArgument>
                  <InArgument x:TypeArguments="x:Object" x:Key="Operand">[RollupRuleStep1_2]</InArgument>
                  <OutArgument x:TypeArguments="x:Boolean" x:Key="Result">[RollupRuleStep1_1]</OutArgument>
                </mxswa:ActivityReference.Arguments>
              </mxswa:ActivityReference>
            </Sequence>
            <Sequence DisplayName="Aggregate">
              <Sequence.Variables>
                <Variable x:TypeArguments="x:Object" Name="RollupRuleStep1_4" />
                <Variable x:TypeArguments="x:Object" Name="RollupRuleStep1_5" />
              </Sequence.Variables>
              <mxswa:GetEntityProperty Attribute="new_customopportunityid" Entity="[InputEntities(&quot;primaryEntity&quot;)]" EntityName="new_customopportunity" Value="[RollupRuleStep1_5]">
                <mxswa:GetEntityProperty.TargetType>
                  <InArgument x:TypeArguments="s:Type">
                    <mxswa:ReferenceLiteral x:TypeArguments="s:Type">
                      <x:Null />
                    </mxswa:ReferenceLiteral>
                  </InArgument>
                </mxswa:GetEntityProperty.TargetType>
              </mxswa:GetEntityProperty>
              <mxswa:ActivityReference AssemblyQualifiedName="Microsoft.Crm.Workflow.Activities.EvaluateExpression, Microsoft.Crm.Workflow, Version=8.0.0.0, Culture=neutral, PublicKeyToken=31bf3856ad364e35" DisplayName="EvaluateExpression">
                <mxswa:ActivityReference.Arguments>
                  <InArgument x:TypeArguments="x:String" x:Key="ExpressionOperator">Count</InArgument>
                  <InArgument x:TypeArguments="s:Object[]" x:Key="Parameters">[New Object() { RollupRuleStep1_5 }]</InArgument>
                  <InArgument x:TypeArguments="s:Type" x:Key="TargetType">
                    <mxswa:ReferenceLiteral x:TypeArguments="s:Type">
                      <x:Null />
                    </mxswa:ReferenceLiteral>
                  </InArgument>
                  <OutArgument x:TypeArguments="x:Object" x:Key="Result">[RollupRuleStep1_4]</OutArgument>
                </mxswa:ActivityReference.Arguments>
              </mxswa:ActivityReference>
            </Sequence>
          </Sequence>
        </mxswa:Workflow>
      </Activity>
    </FormulaDefinition>
  </attribute>
  <attribute>
    <EntityLogicalName>new_customaccount</EntityLogicalName>
    <AttributeLogicalName>new_avgdealsize</AttributeLogicalName>
    <FormulaDefinition>
      <Activity x:Class="XrmWorkflow00000000000000000000000000000000" xmlns="http://schemas.microsoft.com/netfx/2009/xaml/activities" xmlns:mcwc="clr-namespace:Microsoft.Crm.Workflow.ClientActivities;assembly=Microsoft.Crm.Workflow, Version=8.0.0.0, Culture=neutral, PublicKeyToken=31bf3856ad364e35" xmlns:mva="clr-namespace:Microsoft.VisualBasic.Activities;assembly=System.Activities, Version=4.0.0.0, Culture=neutral, PublicKeyToken=31bf3856ad364e35" xmlns:mxs="clr-namespace:Microsoft.Xrm.Sdk;assembly=Microsoft.Xrm.Sdk, Version=8.0.0.0, Culture=neutral, PublicKeyToken=31bf3856ad364e35" xmlns:mxswa="clr-namespace:Microsoft.Xrm.Sdk.Workflow.Activities;assembly=Microsoft.Xrm.Sdk.Workflow, Version=8.0.0.0, Culture=neutral, PublicKeyToken=31bf3856ad364e35" xmlns:s="clr-namespace:System;assembly=mscorlib, Version=4.0.0.0, Culture=neutral, PublicKeyToken=b77a5c561934e089" xmlns:scg="clr-namespace:System.Collections.Generic;assembly=mscorlib, Version=4.0.0.0, Culture=neutral, PublicKeyToken=b77a5c561934e089" xmlns:srs="clr-namespace:System.Runtime.Serialization;assembly=System.Runtime.Serialization, Version=4.0.0.0, Culture=neutral, PublicKeyToken=b77a5c561934e089" xmlns:this="clr-namespace:" xmlns:x="http://schemas.microsoft.com/winfx/2006/xaml">
        <x:Members>
          <x:Property Name="InputEntities" Type="InArgument(scg:IDictionary(x:String, mxs:Entity))" />
          <x:Property Name="CreatedEntities" Type="InArgument(scg:IDictionary(x:String, mxs:Entity))" />
        </x:Members>
        <this:XrmWorkflow00000000000000000000000000000000.InputEntities>
          <InArgument x:TypeArguments="scg:IDictionary(x:String, mxs:Entity)" />
        </this:XrmWorkflow00000000000000000000000000000000.InputEntities>
        <this:XrmWorkflow00000000000000000000000000000000.CreatedEntities>
          <InArgument x:TypeArguments="scg:IDictionary(x:String, mxs:Entity)" />
        </this:XrmWorkflow00000000000000000000000000000000.CreatedEntities>
        <mva:VisualBasic.Settings>Assembly references and imported namespaces for internal implementation</mva:VisualBasic.Settings>
        <mxswa:Workflow>
          <Sequence DisplayName="RollupRuleStep1">
            <Sequence DisplayName="Source">
              <Sequence.Variables>
                <Variable x:TypeArguments="x:String" Default="[Nothing]" Name="HierarchicalRelationshipName" />
              </Sequence.Variables>
            </Sequence>
            <Sequence DisplayName="Target">
              <mcwc:SetAttributeValue DisplayName="new_customopportunity.new_customerid.new_new_customaccount_new_customopportunities" Entity="[CreatedEntities(&quot;relatedlinked_new_new_customaccount_new_customopportunities#new_customerid#new_customopportunity#Temp&quot;)]" EntityName="new_customopportunity" />
            </Sequence>
            <Sequence DisplayName="Aggregate">
              <Sequence.Variables>
                <Variable x:TypeArguments="x:Object" Name="RollupRuleStep1_1" />
                <Variable x:TypeArguments="x:Object" Name="RollupRuleStep1_2" />
              </Sequence.Variables>
              <mxswa:GetEntityProperty Attribute="new_estimatedrevenue" Entity="[InputEntities(&quot;primaryEntity&quot;)]" EntityName="new_customopportunity" Value="[RollupRuleStep1_2]">
                <mxswa:GetEntityProperty.TargetType>
                  <InArgument x:TypeArguments="s:Type">
                    <mxswa:ReferenceLiteral x:TypeArguments="s:Type">
                      <x:Null />
                    </mxswa:ReferenceLiteral>
                  </InArgument>
                </mxswa:GetEntityProperty.TargetType>
              </mxswa:GetEntityProperty>
              <mxswa:ActivityReference AssemblyQualifiedName="Microsoft.Crm.Workflow.Activities.EvaluateExpression, Microsoft.Crm.Workflow, Version=8.0.0.0, Culture=neutral, PublicKeyToken=31bf3856ad364e35" DisplayName="EvaluateExpression">
                <mxswa:ActivityReference.Arguments>
                  <InArgument x:TypeArguments="x:String" x:Key="ExpressionOperator">Average</InArgument>
                  <InArgument x:TypeArguments="s:Object[]" x:Key="Parameters">[New Object() { RollupRuleStep1_2 }]</InArgument>
                  <InArgument x:TypeArguments="s:Type" x:Key="TargetType">
                    <mxswa:ReferenceLiteral x:TypeArguments="s:Type">
                      <x:Null />
                    </mxswa:ReferenceLiteral>
                  </InArgument>
                  <OutArgument x:TypeArguments="x:Object" x:Key="Result">[RollupRuleStep1_1]</OutArgument>
                </mxswa:ActivityReference.Arguments>
              </mxswa:ActivityReference>
            </Sequence>
          </Sequence>
        </mxswa:Workflow>
      </Activity>
    </FormulaDefinition>
  </attribute>
  <attribute>
    <EntityLogicalName>new_customaccount</EntityLogicalName>
    <AttributeLogicalName>new_noofactivities</AttributeLogicalName>
    <FormulaDefinition>
      <Activity x:Class="XrmWorkflow00000000000000000000000000000000" xmlns="http://schemas.microsoft.com/netfx/2009/xaml/activities" xmlns:mcwc="clr-namespace:Microsoft.Crm.Workflow.ClientActivities;assembly=Microsoft.Crm.Workflow, Version=8.0.0.0, Culture=neutral, PublicKeyToken=31bf3856ad364e35" xmlns:mva="clr-namespace:Microsoft.VisualBasic.Activities;assembly=System.Activities, Version=4.0.0.0, Culture=neutral, PublicKeyToken=31bf3856ad364e35" xmlns:mxs="clr-namespace:Microsoft.Xrm.Sdk;assembly=Microsoft.Xrm.Sdk, Version=8.0.0.0, Culture=neutral, PublicKeyToken=31bf3856ad364e35" xmlns:mxswa="clr-namespace:Microsoft.Xrm.Sdk.Workflow.Activities;assembly=Microsoft.Xrm.Sdk.Workflow, Version=8.0.0.0, Culture=neutral, PublicKeyToken=31bf3856ad364e35" xmlns:s="clr-namespace:System;assembly=mscorlib, Version=4.0.0.0, Culture=neutral, PublicKeyToken=b77a5c561934e089" xmlns:scg="clr-namespace:System.Collections.Generic;assembly=mscorlib, Version=4.0.0.0, Culture=neutral, PublicKeyToken=b77a5c561934e089" xmlns:srs="clr-namespace:System.Runtime.Serialization;assembly=System.Runtime.Serialization, Version=4.0.0.0, Culture=neutral, PublicKeyToken=b77a5c561934e089" xmlns:this="clr-namespace:" xmlns:x="http://schemas.microsoft.com/winfx/2006/xaml">
        <x:Members>
          <x:Property Name="InputEntities" Type="InArgument(scg:IDictionary(x:String, mxs:Entity))" />
          <x:Property Name="CreatedEntities" Type="InArgument(scg:IDictionary(x:String, mxs:Entity))" />
        </x:Members>
        <this:XrmWorkflow00000000000000000000000000000000.InputEntities>
          <InArgument x:TypeArguments="scg:IDictionary(x:String, mxs:Entity)" />
        </this:XrmWorkflow00000000000000000000000000000000.InputEntities>
        <this:XrmWorkflow00000000000000000000000000000000.CreatedEntities>
          <InArgument x:TypeArguments="scg:IDictionary(x:String, mxs:Entity)" />
        </this:XrmWorkflow00000000000000000000000000000000.CreatedEntities>
        <mva:VisualBasic.Settings>Assembly references and imported namespaces for internal implementation</mva:VisualBasic.Settings>
        <mxswa:Workflow>
          <Sequence DisplayName="RollupRuleStep1">
            <Sequence DisplayName="Source">
              <Sequence.Variables>
                <Variable x:TypeArguments="x:String" Default="[Nothing]" Name="HierarchicalRelationshipName" />
              </Sequence.Variables>
            </Sequence>
            <Sequence DisplayName="Target">
              <mcwc:SetAttributeValue DisplayName="new_customactivity.new_regardingid.new_new_customaccount_new_customactivities" Entity="[CreatedEntities(&quot;relatedlinked_new_new_customaccount_new_customactivities#new_regardingid#new_customactivity#Temp&quot;)]" EntityName="new_customactivity" />
            </Sequence>
            <Sequence DisplayName="Aggregate">
              <Sequence.Variables>
                <Variable x:TypeArguments="x:Object" Name="RollupRuleStep1_1" />
                <Variable x:TypeArguments="x:Object" Name="RollupRuleStep1_2" />
              </Sequence.Variables>
              <mxswa:GetEntityProperty Attribute="new_customactivityid" Entity="[InputEntities(&quot;primaryEntity&quot;)]" EntityName="new_customactivity" Value="[RollupRuleStep1_2]">
                <mxswa:GetEntityProperty.TargetType>
                  <InArgument x:TypeArguments="s:Type">
                    <mxswa:ReferenceLiteral x:TypeArguments="s:Type">
                      <x:Null />
                    </mxswa:ReferenceLiteral>
                  </InArgument>
                </mxswa:GetEntityProperty.TargetType>
              </mxswa:GetEntityProperty>
              <mxswa:ActivityReference AssemblyQualifiedName="Microsoft.Crm.Workflow.Activities.EvaluateExpression, Microsoft.Crm.Workflow, Version=8.0.0.0, Culture=neutral, PublicKeyToken=31bf3856ad364e35" DisplayName="EvaluateExpression">
                <mxswa:ActivityReference.Arguments>
                  <InArgument x:TypeArguments="x:String" x:Key="ExpressionOperator">Count</InArgument>
                  <InArgument x:TypeArguments="s:Object[]" x:Key="Parameters">[New Object() { RollupRuleStep1_2 }]</InArgument>
                  <InArgument x:TypeArguments="s:Type" x:Key="TargetType">
                    <mxswa:ReferenceLiteral x:TypeArguments="s:Type">
                      <x:Null />
                    </mxswa:ReferenceLiteral>
                  </InArgument>
                  <OutArgument x:TypeArguments="x:Object" x:Key="Result">[RollupRuleStep1_1]</OutArgument>
                </mxswa:ActivityReference.Arguments>
              </mxswa:ActivityReference>
            </Sequence>
          </Sequence>
        </mxswa:Workflow>
      </Activity>
    </FormulaDefinition>
  </attribute>
</attributes>